genome,secondary_cluster,threshold,cluster_method,comparison_algorithm,primary_cluster
r9-il_bin.0061.fa,1_1,0.050000000000000044,average,ANImf,1
r9_bin.0008.fa,1_1,0.050000000000000044,average,ANImf,1
pbccs_bin.0157.fa,2_1,0.050000000000000044,average,ANImf,2
r103-il_bin.0100.fa,2_1,0.050000000000000044,average,ANImf,2
r103_bin.0106.fa,2_1,0.050000000000000044,average,ANImf,2
r104-il_bin.0046.fa,2_1,0.050000000000000044,average,ANImf,2
r104_bin.0061.fa,2_1,0.050000000000000044,average,ANImf,2
r9-il_bin.0049.fa,2_1,0.050000000000000044,average,ANImf,2
r9_bin.0161.fa,2_1,0.050000000000000044,average,ANImf,2
ilmn_bin.0047.fa,3_1,0.050000000000000044,average,ANImf,3
pbccs_bin.0155.fa,3_1,0.050000000000000044,average,ANImf,3
r103-il_bin.0122.fa,3_1,0.050000000000000044,average,ANImf,3
r103_bin.0029.fa,3_1,0.050000000000000044,average,ANImf,3
r104-il_bin.0015.fa,3_1,0.050000000000000044,average,ANImf,3
r104_bin.0074.fa,3_1,0.050000000000000044,average,ANImf,3
r9-il_bin.0208.fa,3_1,0.050000000000000044,average,ANImf,3
r9_bin.0146.fa,3_1,0.050000000000000044,average,ANImf,3
pbccs_bin.0101.fa,4_1,0.050000000000000044,average,ANImf,4
r9-il_bin.0121.fa,4_1,0.050000000000000044,average,ANImf,4
r9_bin.0072.fa,4_1,0.050000000000000044,average,ANImf,4
pbccs_bin.0051.fa,5_1,0.050000000000000044,average,ANImf,5
r9-il_bin.0095.fa,5_1,0.050000000000000044,average,ANImf,5
r9_bin.0205.fa,5_1,0.050000000000000044,average,ANImf,5
ilmn_bin.0071.fa,6_1,0.050000000000000044,average,ANImf,6
pbccs_bin.0066.fa,6_1,0.050000000000000044,average,ANImf,6
r103-il_bin.0113.fa,6_1,0.050000000000000044,average,ANImf,6
r103_bin.0067.fa,6_1,0.050000000000000044,average,ANImf,6
r9-il_bin.0195.fa,6_1,0.050000000000000044,average,ANImf,6
r9_bin.0143.fa,6_1,0.050000000000000044,average,ANImf,6
pbccs_bin.0017.fa,6_2,0.050000000000000044,average,ANImf,6
r9-il_bin.0080.fa,6_2,0.050000000000000044,average,ANImf,6
r9-il_bin.0188.fa,7_1,0.050000000000000044,average,ANImf,7
r9_bin.0029.fa,7_1,0.050000000000000044,average,ANImf,7
ilmn_bin.0039.fa,8_1,0.050000000000000044,average,ANImf,8
pbccs_bin.0065.fa,8_1,0.050000000000000044,average,ANImf,8
r103-il_bin.0074.fa,8_1,0.050000000000000044,average,ANImf,8
r103_bin.0078.fa,8_1,0.050000000000000044,average,ANImf,8
r104-il_bin.0114.fa,8_1,0.050000000000000044,average,ANImf,8
r104_bin.0044.fa,8_1,0.050000000000000044,average,ANImf,8
r9-il_bin.0154.fa,8_1,0.050000000000000044,average,ANImf,8
r9_bin.0204.fa,8_1,0.050000000000000044,average,ANImf,8
r9-il_bin.0213.fa,9_1,0.050000000000000044,average,ANImf,9
r9_bin.0069.fa,9_1,0.050000000000000044,average,ANImf,9
pbccs_bin.0169.fa,10_1,0.050000000000000044,average,ANImf,10
r9-il_bin.0153.fa,10_1,0.050000000000000044,average,ANImf,10
r9_bin.0127.fa,10_1,0.050000000000000044,average,ANImf,10
pbccs_bin.0136.fa,11_1,0.050000000000000044,average,ANImf,11
r9-il_bin.0022.fa,11_1,0.050000000000000044,average,ANImf,11
r9_bin.0006.fa,11_1,0.050000000000000044,average,ANImf,11
pbccs_bin.0080.fa,12_0,0.050000000000000044,average,ANImf,12
pbccs_bin.0159.fa,13_1,0.050000000000000044,average,ANImf,13
r103-il_bin.0056.fa,13_1,0.050000000000000044,average,ANImf,13
r103_bin.0120.fa,13_1,0.050000000000000044,average,ANImf,13
r104-il_bin.0074.fa,13_1,0.050000000000000044,average,ANImf,13
r104_bin.0079.fa,13_1,0.050000000000000044,average,ANImf,13
r9-il_bin.0007.fa,13_1,0.050000000000000044,average,ANImf,13
r9_bin.0116.fa,13_1,0.050000000000000044,average,ANImf,13
r9-il_bin.0090.fa,14_1,0.050000000000000044,average,ANImf,14
r9_bin.0202.fa,14_1,0.050000000000000044,average,ANImf,14
ilmn_bin.0000.fa,15_1,0.050000000000000044,average,ANImf,15
pbccs_bin.0059.fa,15_1,0.050000000000000044,average,ANImf,15
r103-il_bin.0013.fa,15_1,0.050000000000000044,average,ANImf,15
r103_bin.0061.fa,15_1,0.050000000000000044,average,ANImf,15
r104-il_bin.0084.fa,15_1,0.050000000000000044,average,ANImf,15
r104_bin.0008.fa,15_1,0.050000000000000044,average,ANImf,15
r9-il_bin.0164.fa,15_1,0.050000000000000044,average,ANImf,15
r9_bin.0190.fa,15_1,0.050000000000000044,average,ANImf,15
r9-il_bin.0173.fa,16_1,0.050000000000000044,average,ANImf,16
r9_bin.0036.fa,16_1,0.050000000000000044,average,ANImf,16
ilmn_bin.0086.fa,17_1,0.050000000000000044,average,ANImf,17
pbccs_bin.0156.fa,17_1,0.050000000000000044,average,ANImf,17
r103-il_bin.0012.fa,17_1,0.050000000000000044,average,ANImf,17
r103_bin.0042.fa,17_1,0.050000000000000044,average,ANImf,17
r104-il_bin.0040.fa,17_1,0.050000000000000044,average,ANImf,17
r104_bin.0026.fa,17_1,0.050000000000000044,average,ANImf,17
r9-il_bin.0158.fa,17_1,0.050000000000000044,average,ANImf,17
r9_bin.0024.fa,17_1,0.050000000000000044,average,ANImf,17
ilmn_bin.0099.fa,18_1,0.050000000000000044,average,ANImf,18
pbccs_bin.0049.fa,18_1,0.050000000000000044,average,ANImf,18
r103-il_bin.0047.fa,18_1,0.050000000000000044,average,ANImf,18
r103_bin.0017.fa,18_1,0.050000000000000044,average,ANImf,18
r104-il_bin.0002.fa,18_1,0.050000000000000044,average,ANImf,18
r104_bin.0037.fa,18_1,0.050000000000000044,average,ANImf,18
r9-il_bin.0045.fa,18_1,0.050000000000000044,average,ANImf,18
r9_bin.0048.fa,18_1,0.050000000000000044,average,ANImf,18
ilmn_bin.0035.fa,19_1,0.050000000000000044,average,ANImf,19
pbccs_bin.0026.fa,19_1,0.050000000000000044,average,ANImf,19
r103-il_bin.0024.fa,19_1,0.050000000000000044,average,ANImf,19
r103_bin.0114.fa,19_1,0.050000000000000044,average,ANImf,19
r104-il_bin.0043.fa,19_1,0.050000000000000044,average,ANImf,19
r104_bin.0039.fa,19_1,0.050000000000000044,average,ANImf,19
r9-il_bin.0077.fa,19_1,0.050000000000000044,average,ANImf,19
r9_bin.0141.fa,19_1,0.050000000000000044,average,ANImf,19
ilmn_bin.0052.fa,20_1,0.050000000000000044,average,ANImf,20
pbccs_bin.0160.fa,20_1,0.050000000000000044,average,ANImf,20
r104-il_bin.0012.fa,20_1,0.050000000000000044,average,ANImf,20
r104_bin.0102.fa,20_1,0.050000000000000044,average,ANImf,20
r9-il_bin.0129.fa,20_1,0.050000000000000044,average,ANImf,20
r9_bin.0020.fa,20_1,0.050000000000000044,average,ANImf,20
ilmn_bin.0057.fa,21_1,0.050000000000000044,average,ANImf,21
pbccs_bin.0011.fa,21_1,0.050000000000000044,average,ANImf,21
r103-il_bin.0007.fa,21_1,0.050000000000000044,average,ANImf,21
r103_bin.0075.fa,21_1,0.050000000000000044,average,ANImf,21
r104-il_bin.0118.fa,21_1,0.050000000000000044,average,ANImf,21
r104_bin.0058.fa,21_1,0.050000000000000044,average,ANImf,21
r9-il_bin.0085.fa,21_1,0.050000000000000044,average,ANImf,21
r9_bin.0021.fa,21_1,0.050000000000000044,average,ANImf,21
ilmn_bin.0003.fa,22_1,0.050000000000000044,average,ANImf,22
pbccs_bin.0133.fa,22_1,0.050000000000000044,average,ANImf,22
r103-il_bin.0006.fa,22_1,0.050000000000000044,average,ANImf,22
r103_bin.0073.fa,22_1,0.050000000000000044,average,ANImf,22
r104-il_bin.0024.fa,22_1,0.050000000000000044,average,ANImf,22
r104_bin.0014.fa,22_1,0.050000000000000044,average,ANImf,22
r9-il_bin.0011.fa,22_1,0.050000000000000044,average,ANImf,22
r9_bin.0100.fa,22_1,0.050000000000000044,average,ANImf,22
r104-il_bin.0061.fa,23_1,0.050000000000000044,average,ANImf,23
r104_bin.0100.fa,23_1,0.050000000000000044,average,ANImf,23
r9-il_bin.0120.fa,23_1,0.050000000000000044,average,ANImf,23
r9_bin.0026.fa,23_1,0.050000000000000044,average,ANImf,23
r9-il_bin.0068.fa,24_0,0.050000000000000044,average,ANImf,24
pbccs_bin.0067.fa,25_1,0.050000000000000044,average,ANImf,25
r9-il_bin.0089.fa,25_1,0.050000000000000044,average,ANImf,25
pbccs_bin.0007.fa,26_1,0.050000000000000044,average,ANImf,26
r103-il_bin.0020.fa,26_1,0.050000000000000044,average,ANImf,26
r104-il_bin.0033.fa,26_1,0.050000000000000044,average,ANImf,26
r104_bin.0020.fa,26_1,0.050000000000000044,average,ANImf,26
r9-il_bin.0168.fa,26_1,0.050000000000000044,average,ANImf,26
r9_bin.0159.fa,26_1,0.050000000000000044,average,ANImf,26
ilmn_bin.0018.fa,27_1,0.050000000000000044,average,ANImf,27
pbccs_bin.0146.fa,27_1,0.050000000000000044,average,ANImf,27
r104-il_bin.0094.fa,27_1,0.050000000000000044,average,ANImf,27
r104_bin.0015.fa,27_1,0.050000000000000044,average,ANImf,27
pbccs_bin.0089.fa,27_2,0.050000000000000044,average,ANImf,27
ilmn_bin.0096.fa,28_1,0.050000000000000044,average,ANImf,28
pbccs_bin.0167.fa,28_1,0.050000000000000044,average,ANImf,28
r103-il_bin.0043.fa,28_1,0.050000000000000044,average,ANImf,28
r103_bin.0063.fa,28_1,0.050000000000000044,average,ANImf,28
r104-il_bin.0003.fa,28_1,0.050000000000000044,average,ANImf,28
r104_bin.0022.fa,28_1,0.050000000000000044,average,ANImf,28
r9-il_bin.0013.fa,28_1,0.050000000000000044,average,ANImf,28
r9_bin.0077.fa,28_1,0.050000000000000044,average,ANImf,28
ilmn_bin.0005.fa,29_1,0.050000000000000044,average,ANImf,29
pbccs_bin.0004.fa,29_1,0.050000000000000044,average,ANImf,29
r103-il_bin.0090.fa,29_1,0.050000000000000044,average,ANImf,29
r103_bin.0093.fa,29_1,0.050000000000000044,average,ANImf,29
r104-il_bin.0064.fa,29_1,0.050000000000000044,average,ANImf,29
r104_bin.0018.fa,29_1,0.050000000000000044,average,ANImf,29
r9-il_bin.0117.fa,29_1,0.050000000000000044,average,ANImf,29
r9_bin.0126.fa,29_1,0.050000000000000044,average,ANImf,29
ilmn_bin.0041.fa,30_1,0.050000000000000044,average,ANImf,30
r103-il_bin.0125.fa,30_1,0.050000000000000044,average,ANImf,30
r103_bin.0107.fa,30_1,0.050000000000000044,average,ANImf,30
r104-il_bin.0019.fa,30_1,0.050000000000000044,average,ANImf,30
r104_bin.0090.fa,30_1,0.050000000000000044,average,ANImf,30
r9-il_bin.0201.fa,30_1,0.050000000000000044,average,ANImf,30
r9_bin.0104.fa,30_1,0.050000000000000044,average,ANImf,30
r103-il_bin.0098.fa,31_1,0.050000000000000044,average,ANImf,31
r103_bin.0032.fa,31_1,0.050000000000000044,average,ANImf,31
r104-il_bin.0045.fa,31_1,0.050000000000000044,average,ANImf,31
r104_bin.0068.fa,31_1,0.050000000000000044,average,ANImf,31
r9-il_bin.0107.fa,31_1,0.050000000000000044,average,ANImf,31
r9_bin.0051.fa,31_1,0.050000000000000044,average,ANImf,31
ilmn_bin.0036.fa,32_1,0.050000000000000044,average,ANImf,32
pbccs_bin.0154.fa,32_1,0.050000000000000044,average,ANImf,32
r103-il_bin.0123.fa,32_1,0.050000000000000044,average,ANImf,32
r103_bin.0069.fa,32_1,0.050000000000000044,average,ANImf,32
r104-il_bin.0026.fa,32_1,0.050000000000000044,average,ANImf,32
r104_bin.0064.fa,32_1,0.050000000000000044,average,ANImf,32
r9-il_bin.0146.fa,32_1,0.050000000000000044,average,ANImf,32
r9_bin.0183.fa,32_1,0.050000000000000044,average,ANImf,32
r103-il_bin.0029.fa,33_1,0.050000000000000044,average,ANImf,33
r104-il_bin.0031.fa,33_1,0.050000000000000044,average,ANImf,33
r9-il_bin.0159.fa,33_1,0.050000000000000044,average,ANImf,33
r9_bin.0191.fa,33_1,0.050000000000000044,average,ANImf,33
ilmn_bin.0085.fa,34_1,0.050000000000000044,average,ANImf,34
pbccs_bin.0178.fa,34_1,0.050000000000000044,average,ANImf,34
r103-il_bin.0044.fa,34_1,0.050000000000000044,average,ANImf,34
r103_bin.0076.fa,34_1,0.050000000000000044,average,ANImf,34
r104-il_bin.0098.fa,34_1,0.050000000000000044,average,ANImf,34
r104_bin.0032.fa,34_1,0.050000000000000044,average,ANImf,34
r9-il_bin.0008.fa,34_1,0.050000000000000044,average,ANImf,34
r9_bin.0129.fa,34_1,0.050000000000000044,average,ANImf,34
ilmn_bin.0028.fa,35_1,0.050000000000000044,average,ANImf,35
pbccs_bin.0131.fa,35_1,0.050000000000000044,average,ANImf,35
r103-il_bin.0041.fa,35_1,0.050000000000000044,average,ANImf,35
r103_bin.0055.fa,35_1,0.050000000000000044,average,ANImf,35
r104-il_bin.0017.fa,35_1,0.050000000000000044,average,ANImf,35
r104_bin.0067.fa,35_1,0.050000000000000044,average,ANImf,35
r9-il_bin.0003.fa,35_1,0.050000000000000044,average,ANImf,35
r9_bin.0166.fa,35_1,0.050000000000000044,average,ANImf,35
ilmn_bin.0019.fa,36_1,0.050000000000000044,average,ANImf,36
pbccs_bin.0144.fa,36_1,0.050000000000000044,average,ANImf,36
r103-il_bin.0079.fa,36_1,0.050000000000000044,average,ANImf,36
r103_bin.0118.fa,36_1,0.050000000000000044,average,ANImf,36
r104_bin.0110.fa,36_1,0.050000000000000044,average,ANImf,36
r9-il_bin.0196.fa,36_1,0.050000000000000044,average,ANImf,36
r9_bin.0120.fa,36_1,0.050000000000000044,average,ANImf,36
ilmn_bin.0026.fa,37_1,0.050000000000000044,average,ANImf,37
pbccs_bin.0048.fa,37_1,0.050000000000000044,average,ANImf,37
r103-il_bin.0018.fa,37_1,0.050000000000000044,average,ANImf,37
r103_bin.0056.fa,37_1,0.050000000000000044,average,ANImf,37
r104-il_bin.0030.fa,37_1,0.050000000000000044,average,ANImf,37
r104_bin.0097.fa,37_1,0.050000000000000044,average,ANImf,37
r9-il_bin.0138.fa,37_1,0.050000000000000044,average,ANImf,37
r9_bin.0033.fa,37_1,0.050000000000000044,average,ANImf,37
ilmn_bin.0061.fa,38_1,0.050000000000000044,average,ANImf,38
pbccs_bin.0002.fa,38_1,0.050000000000000044,average,ANImf,38
r103-il_bin.0076.fa,38_1,0.050000000000000044,average,ANImf,38
r103_bin.0013.fa,38_1,0.050000000000000044,average,ANImf,38
r104-il_bin.0078.fa,38_1,0.050000000000000044,average,ANImf,38
r104_bin.0071.fa,38_1,0.050000000000000044,average,ANImf,38
r9-il_bin.0118.fa,38_1,0.050000000000000044,average,ANImf,38
r9_bin.0168.fa,38_1,0.050000000000000044,average,ANImf,38
ilmn_bin.0073.fa,39_1,0.050000000000000044,average,ANImf,39
pbccs_bin.0054.fa,39_1,0.050000000000000044,average,ANImf,39
r103-il_bin.0005.fa,39_1,0.050000000000000044,average,ANImf,39
r103_bin.0060.fa,39_1,0.050000000000000044,average,ANImf,39
r104-il_bin.0096.fa,39_1,0.050000000000000044,average,ANImf,39
r104_bin.0099.fa,39_1,0.050000000000000044,average,ANImf,39
r9-il_bin.0006.fa,39_1,0.050000000000000044,average,ANImf,39
r9_bin.0123.fa,39_1,0.050000000000000044,average,ANImf,39
ilmn_bin.0091.fa,40_1,0.050000000000000044,average,ANImf,40
r103-il_bin.0022.fa,40_1,0.050000000000000044,average,ANImf,40
r103_bin.0115.fa,40_1,0.050000000000000044,average,ANImf,40
r104-il_bin.0085.fa,40_1,0.050000000000000044,average,ANImf,40
r104_bin.0076.fa,40_1,0.050000000000000044,average,ANImf,40
r9-il_bin.0052.fa,40_1,0.050000000000000044,average,ANImf,40
r9_bin.0012.fa,40_1,0.050000000000000044,average,ANImf,40
r9-il_bin.0108.fa,41_1,0.050000000000000044,average,ANImf,41
r9_bin.0067.fa,41_1,0.050000000000000044,average,ANImf,41
ilmn_bin.0046.fa,41_2,0.050000000000000044,average,ANImf,41
pbccs_bin.0171.fa,41_2,0.050000000000000044,average,ANImf,41
r104-il_bin.0097.fa,41_2,0.050000000000000044,average,ANImf,41
r104_bin.0007.fa,41_2,0.050000000000000044,average,ANImf,41
r9-il_bin.0205.fa,41_2,0.050000000000000044,average,ANImf,41
r9_bin.0199.fa,41_2,0.050000000000000044,average,ANImf,41
ilmn_bin.0062.fa,42_1,0.050000000000000044,average,ANImf,42
pbccs_bin.0177.fa,42_1,0.050000000000000044,average,ANImf,42
r103-il_bin.0101.fa,42_1,0.050000000000000044,average,ANImf,42
r103_bin.0090.fa,42_1,0.050000000000000044,average,ANImf,42
r104-il_bin.0066.fa,42_1,0.050000000000000044,average,ANImf,42
r104_bin.0075.fa,42_1,0.050000000000000044,average,ANImf,42
r9-il_bin.0043.fa,42_1,0.050000000000000044,average,ANImf,42
r9_bin.0124.fa,42_1,0.050000000000000044,average,ANImf,42
ilmn_bin.0082.fa,43_1,0.050000000000000044,average,ANImf,43
pbccs_bin.0153.fa,43_1,0.050000000000000044,average,ANImf,43
r104-il_bin.0108.fa,43_1,0.050000000000000044,average,ANImf,43
r104_bin.0072.fa,43_1,0.050000000000000044,average,ANImf,43
r9-il_bin.0033.fa,43_1,0.050000000000000044,average,ANImf,43
r9_bin.0209.fa,43_1,0.050000000000000044,average,ANImf,43
ilmn_bin.0007.fa,44_1,0.050000000000000044,average,ANImf,44
pbccs_bin.0108.fa,44_1,0.050000000000000044,average,ANImf,44
r103-il_bin.0038.fa,44_1,0.050000000000000044,average,ANImf,44
r103_bin.0087.fa,44_1,0.050000000000000044,average,ANImf,44
r104-il_bin.0050.fa,44_1,0.050000000000000044,average,ANImf,44
r104_bin.0060.fa,44_1,0.050000000000000044,average,ANImf,44
r9-il_bin.0124.fa,44_1,0.050000000000000044,average,ANImf,44
r9_bin.0018.fa,44_1,0.050000000000000044,average,ANImf,44
ilmn_bin.0008.fa,45_1,0.050000000000000044,average,ANImf,45
pbccs_bin.0040.fa,45_1,0.050000000000000044,average,ANImf,45
r103-il_bin.0108.fa,45_1,0.050000000000000044,average,ANImf,45
r103_bin.0038.fa,45_1,0.050000000000000044,average,ANImf,45
r104-il_bin.0095.fa,45_1,0.050000000000000044,average,ANImf,45
r104_bin.0086.fa,45_1,0.050000000000000044,average,ANImf,45
r9-il_bin.0157.fa,45_1,0.050000000000000044,average,ANImf,45
r9_bin.0052.fa,45_1,0.050000000000000044,average,ANImf,45
ilmn_bin.0013.fa,46_1,0.050000000000000044,average,ANImf,46
pbccs_bin.0094.fa,46_1,0.050000000000000044,average,ANImf,46
r103-il_bin.0094.fa,46_1,0.050000000000000044,average,ANImf,46
r103_bin.0003.fa,46_1,0.050000000000000044,average,ANImf,46
r9-il_bin.0009.fa,46_1,0.050000000000000044,average,ANImf,46
r9_bin.0071.fa,46_1,0.050000000000000044,average,ANImf,46
pbccs_bin.0062.fa,47_1,0.050000000000000044,average,ANImf,47
r9-il_bin.0177.fa,47_1,0.050000000000000044,average,ANImf,47
r9_bin.0171.fa,47_1,0.050000000000000044,average,ANImf,47
pbccs_bin.0106.fa,48_1,0.050000000000000044,average,ANImf,48
r103-il_bin.0046.fa,48_1,0.050000000000000044,average,ANImf,48
r104-il_bin.0038.fa,48_1,0.050000000000000044,average,ANImf,48
r104_bin.0045.fa,48_1,0.050000000000000044,average,ANImf,48
r9-il_bin.0051.fa,48_1,0.050000000000000044,average,ANImf,48
r9_bin.0002.fa,48_1,0.050000000000000044,average,ANImf,48
ilmn_bin.0060.fa,49_1,0.050000000000000044,average,ANImf,49
pbccs_bin.0050.fa,49_1,0.050000000000000044,average,ANImf,49
r103-il_bin.0028.fa,49_1,0.050000000000000044,average,ANImf,49
r103_bin.0040.fa,49_1,0.050000000000000044,average,ANImf,49
r104-il_bin.0110.fa,49_1,0.050000000000000044,average,ANImf,49
r104_bin.0011.fa,49_1,0.050000000000000044,average,ANImf,49
r9-il_bin.0046.fa,49_1,0.050000000000000044,average,ANImf,49
r9_bin.0050.fa,49_1,0.050000000000000044,average,ANImf,49
ilmn_bin.0053.fa,50_1,0.050000000000000044,average,ANImf,50
pbccs_bin.0100.fa,50_1,0.050000000000000044,average,ANImf,50
r103-il_bin.0102.fa,50_1,0.050000000000000044,average,ANImf,50
r103_bin.0044.fa,50_1,0.050000000000000044,average,ANImf,50
r104-il_bin.0092.fa,50_1,0.050000000000000044,average,ANImf,50
r104_bin.0042.fa,50_1,0.050000000000000044,average,ANImf,50
r9-il_bin.0181.fa,50_1,0.050000000000000044,average,ANImf,50
r9_bin.0085.fa,50_1,0.050000000000000044,average,ANImf,50
ilmn_bin.0093.fa,51_1,0.050000000000000044,average,ANImf,51
pbccs_bin.0078.fa,51_1,0.050000000000000044,average,ANImf,51
r103-il_bin.0105.fa,51_1,0.050000000000000044,average,ANImf,51
r103_bin.0091.fa,51_1,0.050000000000000044,average,ANImf,51
r104-il_bin.0042.fa,51_1,0.050000000000000044,average,ANImf,51
r104_bin.0081.fa,51_1,0.050000000000000044,average,ANImf,51
r9-il_bin.0097.fa,51_1,0.050000000000000044,average,ANImf,51
r9_bin.0046.fa,51_1,0.050000000000000044,average,ANImf,51
pbccs_bin.0173.fa,52_1,0.050000000000000044,average,ANImf,52
r103_bin.0074.fa,52_1,0.050000000000000044,average,ANImf,52
r9-il_bin.0039.fa,52_1,0.050000000000000044,average,ANImf,52
r9_bin.0197.fa,52_1,0.050000000000000044,average,ANImf,52
r9-il_bin.0103.fa,53_1,0.050000000000000044,average,ANImf,53
r9_bin.0174.fa,53_1,0.050000000000000044,average,ANImf,53
r9-il_bin.0070.fa,54_1,0.050000000000000044,average,ANImf,54
r9_bin.0007.fa,54_1,0.050000000000000044,average,ANImf,54
ilmn_bin.0079.fa,55_1,0.050000000000000044,average,ANImf,55
pbccs_bin.0105.fa,55_1,0.050000000000000044,average,ANImf,55
r103-il_bin.0066.fa,55_1,0.050000000000000044,average,ANImf,55
r103_bin.0058.fa,55_1,0.050000000000000044,average,ANImf,55
r104-il_bin.0091.fa,55_1,0.050000000000000044,average,ANImf,55
r104_bin.0103.fa,55_1,0.050000000000000044,average,ANImf,55
r9-il_bin.0057.fa,55_1,0.050000000000000044,average,ANImf,55
r9_bin.0165.fa,55_1,0.050000000000000044,average,ANImf,55
r9-il_bin.0178.fa,56_1,0.050000000000000044,average,ANImf,56
r9_bin.0132.fa,56_1,0.050000000000000044,average,ANImf,56
r9-il_bin.0132.fa,57_1,0.050000000000000044,average,ANImf,57
r9_bin.0175.fa,57_1,0.050000000000000044,average,ANImf,57
ilmn_bin.0066.fa,58_1,0.050000000000000044,average,ANImf,58
pbccs_bin.0104.fa,58_1,0.050000000000000044,average,ANImf,58
r103-il_bin.0037.fa,58_1,0.050000000000000044,average,ANImf,58
r103_bin.0030.fa,58_1,0.050000000000000044,average,ANImf,58
r104-il_bin.0088.fa,58_1,0.050000000000000044,average,ANImf,58
r104_bin.0029.fa,58_1,0.050000000000000044,average,ANImf,58
r9-il_bin.0053.fa,58_1,0.050000000000000044,average,ANImf,58
r9_bin.0131.fa,58_1,0.050000000000000044,average,ANImf,58
pbccs_bin.0025.fa,59_1,0.050000000000000044,average,ANImf,59
r103-il_bin.0095.fa,59_1,0.050000000000000044,average,ANImf,59
r103_bin.0071.fa,59_1,0.050000000000000044,average,ANImf,59
r104-il_bin.0116.fa,59_1,0.050000000000000044,average,ANImf,59
r9-il_bin.0081.fa,59_1,0.050000000000000044,average,ANImf,59
r9_bin.0160.fa,59_1,0.050000000000000044,average,ANImf,59
pbccs_bin.0164.fa,60_1,0.050000000000000044,average,ANImf,60
r103-il_bin.0119.fa,60_1,0.050000000000000044,average,ANImf,60
r103_bin.0007.fa,60_1,0.050000000000000044,average,ANImf,60
r104-il_bin.0113.fa,60_1,0.050000000000000044,average,ANImf,60
r104_bin.0070.fa,60_1,0.050000000000000044,average,ANImf,60
r9-il_bin.0187.fa,60_1,0.050000000000000044,average,ANImf,60
r9_bin.0125.fa,60_1,0.050000000000000044,average,ANImf,60
ilmn_bin.0012.fa,61_1,0.050000000000000044,average,ANImf,61
pbccs_bin.0024.fa,61_1,0.050000000000000044,average,ANImf,61
r103-il_bin.0092.fa,61_1,0.050000000000000044,average,ANImf,61
r103_bin.0101.fa,61_1,0.050000000000000044,average,ANImf,61
r104-il_bin.0072.fa,61_1,0.050000000000000044,average,ANImf,61
r104_bin.0066.fa,61_1,0.050000000000000044,average,ANImf,61
r9_bin.0198.fa,61_1,0.050000000000000044,average,ANImf,61
ilmn_bin.0014.fa,62_1,0.050000000000000044,average,ANImf,62
pbccs_bin.0124.fa,62_1,0.050000000000000044,average,ANImf,62
r103-il_bin.0085.fa,62_1,0.050000000000000044,average,ANImf,62
r9-il_bin.0017.fa,62_1,0.050000000000000044,average,ANImf,62
r9_bin.0083.fa,62_1,0.050000000000000044,average,ANImf,62
ilmn_bin.0080.fa,63_1,0.050000000000000044,average,ANImf,63
pbccs_bin.0079.fa,63_1,0.050000000000000044,average,ANImf,63
r103-il_bin.0080.fa,63_1,0.050000000000000044,average,ANImf,63
r103_bin.0065.fa,63_1,0.050000000000000044,average,ANImf,63
r104-il_bin.0056.fa,63_1,0.050000000000000044,average,ANImf,63
r104_bin.0047.fa,63_1,0.050000000000000044,average,ANImf,63
r9-il_bin.0133.fa,63_1,0.050000000000000044,average,ANImf,63
r9_bin.0011.fa,63_1,0.050000000000000044,average,ANImf,63
ilmn_bin.0059.fa,64_1,0.050000000000000044,average,ANImf,64
pbccs_bin.0039.fa,64_1,0.050000000000000044,average,ANImf,64
r103-il_bin.0091.fa,64_1,0.050000000000000044,average,ANImf,64
r103_bin.0112.fa,64_1,0.050000000000000044,average,ANImf,64
r104-il_bin.0000.fa,64_1,0.050000000000000044,average,ANImf,64
r104_bin.0098.fa,64_1,0.050000000000000044,average,ANImf,64
r9-il_bin.0067.fa,64_1,0.050000000000000044,average,ANImf,64
r9_bin.0179.fa,64_1,0.050000000000000044,average,ANImf,64
ilmn_bin.0002.fa,65_1,0.050000000000000044,average,ANImf,65
pbccs_bin.0047.fa,65_1,0.050000000000000044,average,ANImf,65
r103-il_bin.0110.fa,65_1,0.050000000000000044,average,ANImf,65
r103_bin.0064.fa,65_1,0.050000000000000044,average,ANImf,65
r104-il_bin.0079.fa,65_1,0.050000000000000044,average,ANImf,65
r104_bin.0028.fa,65_1,0.050000000000000044,average,ANImf,65
r9-il_bin.0170.fa,65_1,0.050000000000000044,average,ANImf,65
r9_bin.0087.fa,65_1,0.050000000000000044,average,ANImf,65
pbccs_bin.0012.fa,66_1,0.050000000000000044,average,ANImf,66
r103-il_bin.0081.fa,66_1,0.050000000000000044,average,ANImf,66
r104-il_bin.0069.fa,66_1,0.050000000000000044,average,ANImf,66
r104_bin.0005.fa,66_1,0.050000000000000044,average,ANImf,66
r9-il_bin.0058.fa,66_1,0.050000000000000044,average,ANImf,66
r9_bin.0075.fa,66_1,0.050000000000000044,average,ANImf,66
ilmn_bin.0068.fa,67_1,0.050000000000000044,average,ANImf,67
pbccs_bin.0061.fa,67_1,0.050000000000000044,average,ANImf,67
r104-il_bin.0013.fa,67_1,0.050000000000000044,average,ANImf,67
r104_bin.0025.fa,67_1,0.050000000000000044,average,ANImf,67
r9-il_bin.0204.fa,67_1,0.050000000000000044,average,ANImf,67
r9_bin.0117.fa,67_1,0.050000000000000044,average,ANImf,67
r9-il_bin.0151.fa,68_0,0.050000000000000044,average,ANImf,68
r9_bin.0170.fa,69_0,0.050000000000000044,average,ANImf,69
pbccs_bin.0044.fa,70_1,0.050000000000000044,average,ANImf,70
r104-il_bin.0099.fa,70_1,0.050000000000000044,average,ANImf,70
r104_bin.0095.fa,70_1,0.050000000000000044,average,ANImf,70
r9-il_bin.0119.fa,70_1,0.050000000000000044,average,ANImf,70
r9_bin.0090.fa,70_1,0.050000000000000044,average,ANImf,70
pbccs_bin.0128.fa,71_1,0.050000000000000044,average,ANImf,71
r103-il_bin.0021.fa,71_1,0.050000000000000044,average,ANImf,71
r103_bin.0116.fa,71_1,0.050000000000000044,average,ANImf,71
r104-il_bin.0054.fa,71_1,0.050000000000000044,average,ANImf,71
r104_bin.0084.fa,71_1,0.050000000000000044,average,ANImf,71
r9-il_bin.0136.fa,71_1,0.050000000000000044,average,ANImf,71
r9_bin.0142.fa,71_1,0.050000000000000044,average,ANImf,71
ilmn_bin.0090.fa,72_1,0.050000000000000044,average,ANImf,72
pbccs_bin.0152.fa,72_1,0.050000000000000044,average,ANImf,72
r103-il_bin.0055.fa,72_1,0.050000000000000044,average,ANImf,72
r103_bin.0070.fa,72_1,0.050000000000000044,average,ANImf,72
r104-il_bin.0070.fa,72_1,0.050000000000000044,average,ANImf,72
r104_bin.0017.fa,72_1,0.050000000000000044,average,ANImf,72
r9-il_bin.0206.fa,72_1,0.050000000000000044,average,ANImf,72
r9_bin.0188.fa,72_1,0.050000000000000044,average,ANImf,72
ilmn_bin.0098.fa,73_1,0.050000000000000044,average,ANImf,73
pbccs_bin.0158.fa,73_1,0.050000000000000044,average,ANImf,73
r103-il_bin.0014.fa,73_1,0.050000000000000044,average,ANImf,73
r103_bin.0011.fa,73_1,0.050000000000000044,average,ANImf,73
r104-il_bin.0004.fa,73_1,0.050000000000000044,average,ANImf,73
r104_bin.0000.fa,73_1,0.050000000000000044,average,ANImf,73
r9-il_bin.0211.fa,73_1,0.050000000000000044,average,ANImf,73
r9_bin.0023.fa,73_1,0.050000000000000044,average,ANImf,73
r9-il_bin.0038.fa,74_1,0.050000000000000044,average,ANImf,74
r9_bin.0173.fa,74_1,0.050000000000000044,average,ANImf,74
ilmn_bin.0044.fa,75_1,0.050000000000000044,average,ANImf,75
pbccs_bin.0151.fa,75_1,0.050000000000000044,average,ANImf,75
r103-il_bin.0069.fa,75_1,0.050000000000000044,average,ANImf,75
r103_bin.0057.fa,75_1,0.050000000000000044,average,ANImf,75
r104-il_bin.0051.fa,75_1,0.050000000000000044,average,ANImf,75
r104_bin.0040.fa,75_1,0.050000000000000044,average,ANImf,75
r9-il_bin.0134.fa,75_1,0.050000000000000044,average,ANImf,75
r9_bin.0155.fa,75_1,0.050000000000000044,average,ANImf,75
pbccs_bin.0099.fa,76_1,0.050000000000000044,average,ANImf,76
r9-il_bin.0167.fa,76_1,0.050000000000000044,average,ANImf,76
r9_bin.0119.fa,76_1,0.050000000000000044,average,ANImf,76
ilmn_bin.0054.fa,77_1,0.050000000000000044,average,ANImf,77
r103-il_bin.0121.fa,77_1,0.050000000000000044,average,ANImf,77
r103_bin.0119.fa,77_1,0.050000000000000044,average,ANImf,77
r104-il_bin.0029.fa,77_1,0.050000000000000044,average,ANImf,77
r104_bin.0009.fa,77_1,0.050000000000000044,average,ANImf,77
r9-il_bin.0023.fa,77_1,0.050000000000000044,average,ANImf,77
r9_bin.0010.fa,77_1,0.050000000000000044,average,ANImf,77
pbccs_bin.0087.fa,78_1,0.050000000000000044,average,ANImf,78
r9-il_bin.0091.fa,78_1,0.050000000000000044,average,ANImf,78
r9_bin.0005.fa,78_1,0.050000000000000044,average,ANImf,78
ilmn_bin.0063.fa,79_1,0.050000000000000044,average,ANImf,79
pbccs_bin.0076.fa,79_1,0.050000000000000044,average,ANImf,79
r103-il_bin.0103.fa,79_1,0.050000000000000044,average,ANImf,79
r103_bin.0083.fa,79_1,0.050000000000000044,average,ANImf,79
r104-il_bin.0032.fa,79_1,0.050000000000000044,average,ANImf,79
r104_bin.0096.fa,79_1,0.050000000000000044,average,ANImf,79
r9-il_bin.0217.fa,79_1,0.050000000000000044,average,ANImf,79
r9_bin.0137.fa,79_1,0.050000000000000044,average,ANImf,79
ilmn_bin.0076.fa,80_1,0.050000000000000044,average,ANImf,80
pbccs_bin.0009.fa,80_1,0.050000000000000044,average,ANImf,80
r103-il_bin.0111.fa,80_1,0.050000000000000044,average,ANImf,80
r103_bin.0100.fa,80_1,0.050000000000000044,average,ANImf,80
r104-il_bin.0102.fa,80_1,0.050000000000000044,average,ANImf,80
r104_bin.0052.fa,80_1,0.050000000000000044,average,ANImf,80
r9-il_bin.0140.fa,80_1,0.050000000000000044,average,ANImf,80
r9_bin.0017.fa,80_1,0.050000000000000044,average,ANImf,80
pbccs_bin.0122.fa,81_1,0.050000000000000044,average,ANImf,81
r103-il_bin.0107.fa,81_1,0.050000000000000044,average,ANImf,81
r103_bin.0039.fa,81_1,0.050000000000000044,average,ANImf,81
r9-il_bin.0165.fa,81_1,0.050000000000000044,average,ANImf,81
r9_bin.0066.fa,81_1,0.050000000000000044,average,ANImf,81
ilmn_bin.0042.fa,82_1,0.050000000000000044,average,ANImf,82
pbccs_bin.0149.fa,82_1,0.050000000000000044,average,ANImf,82
r103-il_bin.0075.fa,82_1,0.050000000000000044,average,ANImf,82
r103_bin.0095.fa,82_1,0.050000000000000044,average,ANImf,82
r104-il_bin.0104.fa,82_1,0.050000000000000044,average,ANImf,82
r104_bin.0088.fa,82_1,0.050000000000000044,average,ANImf,82
r9-il_bin.0176.fa,82_1,0.050000000000000044,average,ANImf,82
r9_bin.0058.fa,82_1,0.050000000000000044,average,ANImf,82
ilmn_bin.0027.fa,83_1,0.050000000000000044,average,ANImf,83
pbccs_bin.0132.fa,83_1,0.050000000000000044,average,ANImf,83
r103-il_bin.0097.fa,83_1,0.050000000000000044,average,ANImf,83
r103_bin.0082.fa,83_1,0.050000000000000044,average,ANImf,83
r104-il_bin.0049.fa,83_1,0.050000000000000044,average,ANImf,83
r104_bin.0003.fa,83_1,0.050000000000000044,average,ANImf,83
r9-il_bin.0156.fa,83_1,0.050000000000000044,average,ANImf,83
r9_bin.0152.fa,83_1,0.050000000000000044,average,ANImf,83
r9-il_bin.0084.fa,84_1,0.050000000000000044,average,ANImf,84
r9_bin.0027.fa,84_1,0.050000000000000044,average,ANImf,84
ilmn_bin.0100.fa,85_1,0.050000000000000044,average,ANImf,85
pbccs_bin.0064.fa,85_1,0.050000000000000044,average,ANImf,85
r103-il_bin.0017.fa,85_1,0.050000000000000044,average,ANImf,85
r103_bin.0046.fa,85_1,0.050000000000000044,average,ANImf,85
r104-il_bin.0103.fa,85_1,0.050000000000000044,average,ANImf,85
r104_bin.0059.fa,85_1,0.050000000000000044,average,ANImf,85
r9-il_bin.0069.fa,85_1,0.050000000000000044,average,ANImf,85
r9_bin.0138.fa,85_1,0.050000000000000044,average,ANImf,85
ilmn_bin.0083.fa,86_1,0.050000000000000044,average,ANImf,86
pbccs_bin.0179.fa,86_1,0.050000000000000044,average,ANImf,86
r104-il_bin.0063.fa,86_1,0.050000000000000044,average,ANImf,86
r104_bin.0073.fa,86_1,0.050000000000000044,average,ANImf,86
r9-il_bin.0102.fa,86_1,0.050000000000000044,average,ANImf,86
r9_bin.0096.fa,86_1,0.050000000000000044,average,ANImf,86
pbccs_bin.0092.fa,87_1,0.050000000000000044,average,ANImf,87
r103-il_bin.0032.fa,87_1,0.050000000000000044,average,ANImf,87
r103_bin.0002.fa,87_1,0.050000000000000044,average,ANImf,87
r9-il_bin.0182.fa,87_1,0.050000000000000044,average,ANImf,87
r9_bin.0056.fa,87_1,0.050000000000000044,average,ANImf,87
ilmn_bin.0103.fa,88_1,0.050000000000000044,average,ANImf,88
pbccs_bin.0130.fa,88_1,0.050000000000000044,average,ANImf,88
r103-il_bin.0036.fa,88_1,0.050000000000000044,average,ANImf,88
r103_bin.0019.fa,88_1,0.050000000000000044,average,ANImf,88
r104-il_bin.0101.fa,88_1,0.050000000000000044,average,ANImf,88
r104_bin.0077.fa,88_1,0.050000000000000044,average,ANImf,88
r9-il_bin.0199.fa,88_1,0.050000000000000044,average,ANImf,88
r9_bin.0195.fa,88_1,0.050000000000000044,average,ANImf,88
pbccs_bin.0142.fa,89_1,0.050000000000000044,average,ANImf,89
r103-il_bin.0023.fa,89_1,0.050000000000000044,average,ANImf,89
r103_bin.0085.fa,89_1,0.050000000000000044,average,ANImf,89
r104-il_bin.0057.fa,89_1,0.050000000000000044,average,ANImf,89
r104_bin.0101.fa,89_1,0.050000000000000044,average,ANImf,89
r9-il_bin.0172.fa,89_1,0.050000000000000044,average,ANImf,89
r9_bin.0172.fa,89_1,0.050000000000000044,average,ANImf,89
ilmn_bin.0006.fa,90_1,0.050000000000000044,average,ANImf,90
pbccs_bin.0125.fa,90_1,0.050000000000000044,average,ANImf,90
r103-il_bin.0015.fa,90_1,0.050000000000000044,average,ANImf,90
r103_bin.0010.fa,90_1,0.050000000000000044,average,ANImf,90
r104-il_bin.0022.fa,90_1,0.050000000000000044,average,ANImf,90
r104_bin.0093.fa,90_1,0.050000000000000044,average,ANImf,90
r9-il_bin.0018.fa,90_1,0.050000000000000044,average,ANImf,90
r9_bin.0019.fa,90_1,0.050000000000000044,average,ANImf,90
r9-il_bin.0024.fa,91_1,0.050000000000000044,average,ANImf,91
r9_bin.0206.fa,91_1,0.050000000000000044,average,ANImf,91
ilmn_bin.0064.fa,92_1,0.050000000000000044,average,ANImf,92
pbccs_bin.0145.fa,92_1,0.050000000000000044,average,ANImf,92
r103-il_bin.0053.fa,92_1,0.050000000000000044,average,ANImf,92
r103_bin.0025.fa,92_1,0.050000000000000044,average,ANImf,92
r104-il_bin.0077.fa,92_1,0.050000000000000044,average,ANImf,92
r104_bin.0048.fa,92_1,0.050000000000000044,average,ANImf,92
r9-il_bin.0076.fa,92_1,0.050000000000000044,average,ANImf,92
r9_bin.0076.fa,92_1,0.050000000000000044,average,ANImf,92
r9-il_bin.0075.fa,93_1,0.050000000000000044,average,ANImf,93
r9_bin.0004.fa,93_1,0.050000000000000044,average,ANImf,93
r9-il_bin.0115.fa,94_1,0.050000000000000044,average,ANImf,94
r9_bin.0145.fa,94_1,0.050000000000000044,average,ANImf,94
pbccs_bin.0003.fa,95_1,0.050000000000000044,average,ANImf,95
r9-il_bin.0078.fa,95_1,0.050000000000000044,average,ANImf,95
r9-il_bin.0106.fa,96_1,0.050000000000000044,average,ANImf,96
r9_bin.0074.fa,96_1,0.050000000000000044,average,ANImf,96
ilmn_bin.0010.fa,97_1,0.050000000000000044,average,ANImf,97
pbccs_bin.0015.fa,97_1,0.050000000000000044,average,ANImf,97
r103-il_bin.0071.fa,97_1,0.050000000000000044,average,ANImf,97
r104-il_bin.0109.fa,97_1,0.050000000000000044,average,ANImf,97
r104_bin.0016.fa,97_1,0.050000000000000044,average,ANImf,97
r9-il_bin.0193.fa,97_1,0.050000000000000044,average,ANImf,97
r9_bin.0084.fa,97_1,0.050000000000000044,average,ANImf,97
pbccs_bin.0005.fa,98_1,0.050000000000000044,average,ANImf,98
r9-il_bin.0060.fa,98_1,0.050000000000000044,average,ANImf,98
r9_bin.0109.fa,98_1,0.050000000000000044,average,ANImf,98
ilmn_bin.0088.fa,99_1,0.050000000000000044,average,ANImf,99
pbccs_bin.0022.fa,99_1,0.050000000000000044,average,ANImf,99
r103-il_bin.0089.fa,99_1,0.050000000000000044,average,ANImf,99
r103_bin.0072.fa,99_1,0.050000000000000044,average,ANImf,99
r104-il_bin.0062.fa,99_1,0.050000000000000044,average,ANImf,99
r104_bin.0085.fa,99_1,0.050000000000000044,average,ANImf,99
r9-il_bin.0004.fa,99_1,0.050000000000000044,average,ANImf,99
r9_bin.0082.fa,99_1,0.050000000000000044,average,ANImf,99
r9-il_bin.0034.fa,100_0,0.050000000000000044,average,ANImf,100
ilmn_bin.0065.fa,101_1,0.050000000000000044,average,ANImf,101
pbccs_bin.0032.fa,101_1,0.050000000000000044,average,ANImf,101
r103-il_bin.0048.fa,101_1,0.050000000000000044,average,ANImf,101
r103_bin.0015.fa,101_1,0.050000000000000044,average,ANImf,101
r104-il_bin.0055.fa,101_1,0.050000000000000044,average,ANImf,101
r104_bin.0010.fa,101_1,0.050000000000000044,average,ANImf,101
r9-il_bin.0105.fa,101_1,0.050000000000000044,average,ANImf,101
r9_bin.0070.fa,101_1,0.050000000000000044,average,ANImf,101
ilmn_bin.0011.fa,102_1,0.050000000000000044,average,ANImf,102
pbccs_bin.0016.fa,102_1,0.050000000000000044,average,ANImf,102
r103-il_bin.0120.fa,102_1,0.050000000000000044,average,ANImf,102
r103_bin.0041.fa,102_1,0.050000000000000044,average,ANImf,102
r104-il_bin.0014.fa,102_1,0.050000000000000044,average,ANImf,102
r104_bin.0094.fa,102_1,0.050000000000000044,average,ANImf,102
r9-il_bin.0166.fa,102_1,0.050000000000000044,average,ANImf,102
r9_bin.0167.fa,102_1,0.050000000000000044,average,ANImf,102
ilmn_bin.0045.fa,103_1,0.050000000000000044,average,ANImf,103
pbccs_bin.0143.fa,103_1,0.050000000000000044,average,ANImf,103
r103-il_bin.0116.fa,103_1,0.050000000000000044,average,ANImf,103
r103_bin.0080.fa,103_1,0.050000000000000044,average,ANImf,103
r104-il_bin.0006.fa,103_1,0.050000000000000044,average,ANImf,103
r104_bin.0030.fa,103_1,0.050000000000000044,average,ANImf,103
r9-il_bin.0150.fa,103_1,0.050000000000000044,average,ANImf,103
r9_bin.0162.fa,103_1,0.050000000000000044,average,ANImf,103
ilmn_bin.0051.fa,104_1,0.050000000000000044,average,ANImf,104
pbccs_bin.0037.fa,104_1,0.050000000000000044,average,ANImf,104
r103-il_bin.0064.fa,104_1,0.050000000000000044,average,ANImf,104
r103_bin.0068.fa,104_1,0.050000000000000044,average,ANImf,104
ilmn_bin.0034.fa,105_1,0.050000000000000044,average,ANImf,105
pbccs_bin.0162.fa,105_1,0.050000000000000044,average,ANImf,105
r9-il_bin.0149.fa,105_1,0.050000000000000044,average,ANImf,105
r9_bin.0103.fa,105_1,0.050000000000000044,average,ANImf,105
pbccs_bin.0036.fa,106_1,0.050000000000000044,average,ANImf,106
r103-il_bin.0070.fa,106_1,0.050000000000000044,average,ANImf,106
r104-il_bin.0047.fa,106_1,0.050000000000000044,average,ANImf,106
r104_bin.0089.fa,106_1,0.050000000000000044,average,ANImf,106
r9-il_bin.0215.fa,106_1,0.050000000000000044,average,ANImf,106
r9_bin.0105.fa,106_1,0.050000000000000044,average,ANImf,106
pbccs_bin.0019.fa,107_1,0.050000000000000044,average,ANImf,107
r9-il_bin.0219.fa,107_1,0.050000000000000044,average,ANImf,107
r9_bin.0177.fa,107_1,0.050000000000000044,average,ANImf,107
ilmn_bin.0077.fa,108_1,0.050000000000000044,average,ANImf,108
pbccs_bin.0110.fa,108_1,0.050000000000000044,average,ANImf,108
r103-il_bin.0054.fa,108_1,0.050000000000000044,average,ANImf,108
r103_bin.0051.fa,108_1,0.050000000000000044,average,ANImf,108
r104-il_bin.0009.fa,108_1,0.050000000000000044,average,ANImf,108
r104_bin.0056.fa,108_1,0.050000000000000044,average,ANImf,108
r9-il_bin.0000.fa,108_1,0.050000000000000044,average,ANImf,108
r9_bin.0038.fa,108_1,0.050000000000000044,average,ANImf,108
ilmn_bin.0084.fa,109_1,0.050000000000000044,average,ANImf,109
pbccs_bin.0168.fa,109_1,0.050000000000000044,average,ANImf,109
r104-il_bin.0071.fa,109_1,0.050000000000000044,average,ANImf,109
r104_bin.0050.fa,109_1,0.050000000000000044,average,ANImf,109
r9-il_bin.0141.fa,109_1,0.050000000000000044,average,ANImf,109
r9_bin.0153.fa,109_1,0.050000000000000044,average,ANImf,109
ilmn_bin.0038.fa,110_1,0.050000000000000044,average,ANImf,110
r103-il_bin.0077.fa,110_1,0.050000000000000044,average,ANImf,110
r103_bin.0050.fa,110_1,0.050000000000000044,average,ANImf,110
r104-il_bin.0020.fa,110_1,0.050000000000000044,average,ANImf,110
r104_bin.0001.fa,110_1,0.050000000000000044,average,ANImf,110
r9-il_bin.0005.fa,110_1,0.050000000000000044,average,ANImf,110
r9_bin.0154.fa,110_1,0.050000000000000044,average,ANImf,110
pbccs_bin.0148.fa,111_1,0.050000000000000044,average,ANImf,111
r9-il_bin.0050.fa,111_1,0.050000000000000044,average,ANImf,111
r9_bin.0194.fa,111_1,0.050000000000000044,average,ANImf,111
ilmn_bin.0040.fa,112_1,0.050000000000000044,average,ANImf,112
pbccs_bin.0096.fa,112_1,0.050000000000000044,average,ANImf,112
r103-il_bin.0011.fa,112_1,0.050000000000000044,average,ANImf,112
r103_bin.0018.fa,112_1,0.050000000000000044,average,ANImf,112
r104-il_bin.0112.fa,112_1,0.050000000000000044,average,ANImf,112
r104_bin.0112.fa,112_1,0.050000000000000044,average,ANImf,112
r9-il_bin.0116.fa,112_1,0.050000000000000044,average,ANImf,112
r9_bin.0089.fa,112_1,0.050000000000000044,average,ANImf,112
pbccs_bin.0086.fa,113_1,0.050000000000000044,average,ANImf,113
r103-il_bin.0052.fa,113_1,0.050000000000000044,average,ANImf,113
r9-il_bin.0126.fa,113_1,0.050000000000000044,average,ANImf,113
r9_bin.0054.fa,113_1,0.050000000000000044,average,ANImf,113
ilmn_bin.0050.fa,114_1,0.050000000000000044,average,ANImf,114
pbccs_bin.0176.fa,114_1,0.050000000000000044,average,ANImf,114
r103-il_bin.0062.fa,114_1,0.050000000000000044,average,ANImf,114
r103_bin.0102.fa,114_1,0.050000000000000044,average,ANImf,114
r104-il_bin.0036.fa,114_1,0.050000000000000044,average,ANImf,114
r104_bin.0046.fa,114_1,0.050000000000000044,average,ANImf,114
r9-il_bin.0112.fa,114_1,0.050000000000000044,average,ANImf,114
r9_bin.0157.fa,114_1,0.050000000000000044,average,ANImf,114
ilmn_bin.0074.fa,115_1,0.050000000000000044,average,ANImf,115
pbccs_bin.0085.fa,115_1,0.050000000000000044,average,ANImf,115
r103-il_bin.0057.fa,115_1,0.050000000000000044,average,ANImf,115
r103_bin.0097.fa,115_1,0.050000000000000044,average,ANImf,115
r104-il_bin.0082.fa,115_1,0.050000000000000044,average,ANImf,115
r104_bin.0041.fa,115_1,0.050000000000000044,average,ANImf,115
r9-il_bin.0183.fa,115_1,0.050000000000000044,average,ANImf,115
r9_bin.0014.fa,115_1,0.050000000000000044,average,ANImf,115
ilmn_bin.0048.fa,116_1,0.050000000000000044,average,ANImf,116
pbccs_bin.0038.fa,116_1,0.050000000000000044,average,ANImf,116
r103-il_bin.0096.fa,116_1,0.050000000000000044,average,ANImf,116
r103_bin.0079.fa,116_1,0.050000000000000044,average,ANImf,116
r104-il_bin.0105.fa,116_1,0.050000000000000044,average,ANImf,116
r104_bin.0078.fa,116_1,0.050000000000000044,average,ANImf,116
r9-il_bin.0030.fa,116_1,0.050000000000000044,average,ANImf,116
r9_bin.0144.fa,116_1,0.050000000000000044,average,ANImf,116
r103-il_bin.0039.fa,117_1,0.050000000000000044,average,ANImf,117
r103_bin.0077.fa,117_1,0.050000000000000044,average,ANImf,117
r104-il_bin.0076.fa,117_1,0.050000000000000044,average,ANImf,117
r104_bin.0035.fa,117_1,0.050000000000000044,average,ANImf,117
r9-il_bin.0143.fa,117_1,0.050000000000000044,average,ANImf,117
r9_bin.0133.fa,117_1,0.050000000000000044,average,ANImf,117
ilmn_bin.0043.fa,118_1,0.050000000000000044,average,ANImf,118
pbccs_bin.0081.fa,118_1,0.050000000000000044,average,ANImf,118
r103-il_bin.0115.fa,118_1,0.050000000000000044,average,ANImf,118
r103_bin.0045.fa,118_1,0.050000000000000044,average,ANImf,118
r9-il_bin.0160.fa,118_1,0.050000000000000044,average,ANImf,118
r9_bin.0180.fa,118_1,0.050000000000000044,average,ANImf,118
ilmn_bin.0067.fa,119_1,0.050000000000000044,average,ANImf,119
pbccs_bin.0090.fa,119_1,0.050000000000000044,average,ANImf,119
r103-il_bin.0083.fa,119_1,0.050000000000000044,average,ANImf,119
r103_bin.0081.fa,119_1,0.050000000000000044,average,ANImf,119
r104-il_bin.0100.fa,119_1,0.050000000000000044,average,ANImf,119
r104_bin.0013.fa,119_1,0.050000000000000044,average,ANImf,119
r9-il_bin.0083.fa,119_1,0.050000000000000044,average,ANImf,119
r9_bin.0088.fa,119_1,0.050000000000000044,average,ANImf,119
ilmn_bin.0095.fa,120_1,0.050000000000000044,average,ANImf,120
pbccs_bin.0058.fa,120_1,0.050000000000000044,average,ANImf,120
r103-il_bin.0026.fa,120_1,0.050000000000000044,average,ANImf,120
r103_bin.0006.fa,120_1,0.050000000000000044,average,ANImf,120
r104-il_bin.0023.fa,120_1,0.050000000000000044,average,ANImf,120
r104_bin.0091.fa,120_1,0.050000000000000044,average,ANImf,120
pbccs_bin.0163.fa,121_1,0.050000000000000044,average,ANImf,121
r9-il_bin.0059.fa,121_1,0.050000000000000044,average,ANImf,121
r9_bin.0134.fa,121_1,0.050000000000000044,average,ANImf,121
ilmn_bin.0101.fa,122_1,0.050000000000000044,average,ANImf,122
pbccs_bin.0120.fa,122_1,0.050000000000000044,average,ANImf,122
r103-il_bin.0030.fa,122_1,0.050000000000000044,average,ANImf,122
r9-il_bin.0111.fa,122_1,0.050000000000000044,average,ANImf,122
r9_bin.0207.fa,122_1,0.050000000000000044,average,ANImf,122
ilmn_bin.0055.fa,123_1,0.050000000000000044,average,ANImf,123
pbccs_bin.0118.fa,123_1,0.050000000000000044,average,ANImf,123
r103-il_bin.0063.fa,123_1,0.050000000000000044,average,ANImf,123
r103_bin.0001.fa,123_1,0.050000000000000044,average,ANImf,123
r104-il_bin.0034.fa,123_1,0.050000000000000044,average,ANImf,123
r104_bin.0082.fa,123_1,0.050000000000000044,average,ANImf,123
r9-il_bin.0202.fa,123_1,0.050000000000000044,average,ANImf,123
r9_bin.0135.fa,123_1,0.050000000000000044,average,ANImf,123
ilmn_bin.0092.fa,124_1,0.050000000000000044,average,ANImf,124
pbccs_bin.0018.fa,124_1,0.050000000000000044,average,ANImf,124
r103-il_bin.0040.fa,124_1,0.050000000000000044,average,ANImf,124
r103_bin.0048.fa,124_1,0.050000000000000044,average,ANImf,124
r104-il_bin.0010.fa,124_1,0.050000000000000044,average,ANImf,124
r104_bin.0069.fa,124_1,0.050000000000000044,average,ANImf,124
r9-il_bin.0110.fa,124_1,0.050000000000000044,average,ANImf,124
r9_bin.0121.fa,124_1,0.050000000000000044,average,ANImf,124
ilmn_bin.0015.fa,125_1,0.050000000000000044,average,ANImf,125
pbccs_bin.0174.fa,125_1,0.050000000000000044,average,ANImf,125
r103-il_bin.0001.fa,125_1,0.050000000000000044,average,ANImf,125
r103_bin.0105.fa,125_1,0.050000000000000044,average,ANImf,125
r104-il_bin.0025.fa,125_1,0.050000000000000044,average,ANImf,125
r104_bin.0055.fa,125_1,0.050000000000000044,average,ANImf,125
r9-il_bin.0212.fa,125_1,0.050000000000000044,average,ANImf,125
r9_bin.0140.fa,125_1,0.050000000000000044,average,ANImf,125
ilmn_bin.0025.fa,126_1,0.050000000000000044,average,ANImf,126
pbccs_bin.0127.fa,126_1,0.050000000000000044,average,ANImf,126
r103-il_bin.0004.fa,126_1,0.050000000000000044,average,ANImf,126
r103_bin.0016.fa,126_1,0.050000000000000044,average,ANImf,126
r9-il_bin.0185.fa,126_1,0.050000000000000044,average,ANImf,126
r9_bin.0031.fa,126_1,0.050000000000000044,average,ANImf,126
r9-il_bin.0207.fa,127_1,0.050000000000000044,average,ANImf,127
r9_bin.0107.fa,127_1,0.050000000000000044,average,ANImf,127
r103-il_bin.0067.fa,128_1,0.050000000000000044,average,ANImf,128
r103_bin.0099.fa,128_1,0.050000000000000044,average,ANImf,128
r104-il_bin.0027.fa,128_1,0.050000000000000044,average,ANImf,128
r104_bin.0038.fa,128_1,0.050000000000000044,average,ANImf,128
r9-il_bin.0041.fa,128_1,0.050000000000000044,average,ANImf,128
r9_bin.0182.fa,128_1,0.050000000000000044,average,ANImf,128
pbccs_bin.0046.fa,129_1,0.050000000000000044,average,ANImf,129
r103-il_bin.0033.fa,129_1,0.050000000000000044,average,ANImf,129
r103_bin.0035.fa,129_1,0.050000000000000044,average,ANImf,129
r9-il_bin.0010.fa,129_1,0.050000000000000044,average,ANImf,129
r9_bin.0094.fa,129_1,0.050000000000000044,average,ANImf,129
r9-il_bin.0019.fa,130_0,0.050000000000000044,average,ANImf,130
ilmn_bin.0017.fa,131_1,0.050000000000000044,average,ANImf,131
pbccs_bin.0134.fa,131_1,0.050000000000000044,average,ANImf,131
r103-il_bin.0025.fa,131_1,0.050000000000000044,average,ANImf,131
r103_bin.0008.fa,131_1,0.050000000000000044,average,ANImf,131
r104-il_bin.0083.fa,131_1,0.050000000000000044,average,ANImf,131
r104_bin.0063.fa,131_1,0.050000000000000044,average,ANImf,131
r9-il_bin.0054.fa,131_1,0.050000000000000044,average,ANImf,131
r9_bin.0055.fa,131_1,0.050000000000000044,average,ANImf,131
pbccs_bin.0091.fa,132_1,0.050000000000000044,average,ANImf,132
r9-il_bin.0098.fa,132_1,0.050000000000000044,average,ANImf,132
r9_bin.0118.fa,132_1,0.050000000000000044,average,ANImf,132
ilmn_bin.0001.fa,133_1,0.050000000000000044,average,ANImf,133
pbccs_bin.0181.fa,133_1,0.050000000000000044,average,ANImf,133
r103-il_bin.0087.fa,133_1,0.050000000000000044,average,ANImf,133
r103_bin.0004.fa,133_1,0.050000000000000044,average,ANImf,133
r104-il_bin.0067.fa,133_1,0.050000000000000044,average,ANImf,133
r104_bin.0006.fa,133_1,0.050000000000000044,average,ANImf,133
r9-il_bin.0152.fa,133_1,0.050000000000000044,average,ANImf,133
r9_bin.0163.fa,133_1,0.050000000000000044,average,ANImf,133
pbccs_bin.0117.fa,134_1,0.050000000000000044,average,ANImf,134
r9-il_bin.0214.fa,134_1,0.050000000000000044,average,ANImf,134
r9_bin.0193.fa,134_1,0.050000000000000044,average,ANImf,134
pbccs_bin.0129.fa,135_1,0.050000000000000044,average,ANImf,135
r9-il_bin.0139.fa,135_1,0.050000000000000044,average,ANImf,135
r9_bin.0034.fa,135_1,0.050000000000000044,average,ANImf,135
ilmn_bin.0089.fa,136_1,0.050000000000000044,average,ANImf,136
pbccs_bin.0114.fa,136_1,0.050000000000000044,average,ANImf,136
r103-il_bin.0058.fa,136_1,0.050000000000000044,average,ANImf,136
r103_bin.0028.fa,136_1,0.050000000000000044,average,ANImf,136
r104-il_bin.0039.fa,136_1,0.050000000000000044,average,ANImf,136
r9-il_bin.0209.fa,136_1,0.050000000000000044,average,ANImf,136
r9_bin.0130.fa,136_1,0.050000000000000044,average,ANImf,136
ilmn_bin.0081.fa,137_1,0.050000000000000044,average,ANImf,137
r103-il_bin.0114.fa,137_1,0.050000000000000044,average,ANImf,137
r103_bin.0103.fa,137_1,0.050000000000000044,average,ANImf,137
r104-il_bin.0111.fa,137_1,0.050000000000000044,average,ANImf,137
r9-il_bin.0073.fa,137_1,0.050000000000000044,average,ANImf,137
r9_bin.0148.fa,137_1,0.050000000000000044,average,ANImf,137
ilmn_bin.0030.fa,138_1,0.050000000000000044,average,ANImf,138
r103-il_bin.0016.fa,138_1,0.050000000000000044,average,ANImf,138
r103_bin.0020.fa,138_1,0.050000000000000044,average,ANImf,138
r104-il_bin.0058.fa,138_1,0.050000000000000044,average,ANImf,138
r104_bin.0087.fa,138_1,0.050000000000000044,average,ANImf,138
r9-il_bin.0104.fa,138_1,0.050000000000000044,average,ANImf,138
r9_bin.0015.fa,138_1,0.050000000000000044,average,ANImf,138
ilmn_bin.0102.fa,139_1,0.050000000000000044,average,ANImf,139
pbccs_bin.0056.fa,139_1,0.050000000000000044,average,ANImf,139
r103-il_bin.0109.fa,139_1,0.050000000000000044,average,ANImf,139
r103_bin.0096.fa,139_1,0.050000000000000044,average,ANImf,139
r104-il_bin.0089.fa,139_1,0.050000000000000044,average,ANImf,139
r104_bin.0043.fa,139_1,0.050000000000000044,average,ANImf,139
r9-il_bin.0016.fa,139_1,0.050000000000000044,average,ANImf,139
r9_bin.0064.fa,139_1,0.050000000000000044,average,ANImf,139
ilmn_bin.0097.fa,140_1,0.050000000000000044,average,ANImf,140
pbccs_bin.0069.fa,140_1,0.050000000000000044,average,ANImf,140
r9-il_bin.0027.fa,140_1,0.050000000000000044,average,ANImf,140
r9_bin.0035.fa,140_1,0.050000000000000044,average,ANImf,140
ilmn_bin.0032.fa,141_1,0.050000000000000044,average,ANImf,141
pbccs_bin.0121.fa,141_1,0.050000000000000044,average,ANImf,141
r103-il_bin.0000.fa,141_1,0.050000000000000044,average,ANImf,141
r103_bin.0086.fa,141_1,0.050000000000000044,average,ANImf,141
r104-il_bin.0001.fa,141_1,0.050000000000000044,average,ANImf,141
r104_bin.0049.fa,141_1,0.050000000000000044,average,ANImf,141
r9-il_bin.0171.fa,141_1,0.050000000000000044,average,ANImf,141
r9_bin.0201.fa,141_1,0.050000000000000044,average,ANImf,141
r9-il_bin.0093.fa,142_1,0.050000000000000044,average,ANImf,142
r9_bin.0150.fa,142_1,0.050000000000000044,average,ANImf,142
ilmn_bin.0070.fa,143_1,0.050000000000000044,average,ANImf,143
pbccs_bin.0082.fa,143_1,0.050000000000000044,average,ANImf,143
r103-il_bin.0104.fa,143_1,0.050000000000000044,average,ANImf,143
r103_bin.0021.fa,143_1,0.050000000000000044,average,ANImf,143
r104-il_bin.0081.fa,143_1,0.050000000000000044,average,ANImf,143
r104_bin.0036.fa,143_1,0.050000000000000044,average,ANImf,143
r9-il_bin.0074.fa,143_1,0.050000000000000044,average,ANImf,143
r9_bin.0045.fa,143_1,0.050000000000000044,average,ANImf,143
pbccs_bin.0041.fa,144_1,0.050000000000000044,average,ANImf,144
r9-il_bin.0029.fa,144_1,0.050000000000000044,average,ANImf,144
r9_bin.0068.fa,144_1,0.050000000000000044,average,ANImf,144
r9-il_bin.0088.fa,145_1,0.050000000000000044,average,ANImf,145
r9_bin.0060.fa,145_1,0.050000000000000044,average,ANImf,145
r9-il_bin.0035.fa,146_1,0.050000000000000044,average,ANImf,146
r9_bin.0200.fa,146_1,0.050000000000000044,average,ANImf,146
ilmn_bin.0033.fa,147_1,0.050000000000000044,average,ANImf,147
pbccs_bin.0055.fa,147_1,0.050000000000000044,average,ANImf,147
r103_bin.0037.fa,147_1,0.050000000000000044,average,ANImf,147
r104-il_bin.0115.fa,147_1,0.050000000000000044,average,ANImf,147
r104_bin.0033.fa,147_1,0.050000000000000044,average,ANImf,147
r9-il_bin.0048.fa,148_0,0.050000000000000044,average,ANImf,148
ilmn_bin.0049.fa,149_1,0.050000000000000044,average,ANImf,149
pbccs_bin.0102.fa,149_1,0.050000000000000044,average,ANImf,149
r103-il_bin.0106.fa,149_1,0.050000000000000044,average,ANImf,149
r103_bin.0108.fa,149_1,0.050000000000000044,average,ANImf,149
r104-il_bin.0016.fa,149_1,0.050000000000000044,average,ANImf,149
r104_bin.0057.fa,149_1,0.050000000000000044,average,ANImf,149
r9-il_bin.0130.fa,149_1,0.050000000000000044,average,ANImf,149
r9_bin.0093.fa,149_1,0.050000000000000044,average,ANImf,149
pbccs_bin.0093.fa,150_1,0.050000000000000044,average,ANImf,150
r103-il_bin.0078.fa,150_1,0.050000000000000044,average,ANImf,150
ilmn_bin.0056.fa,151_1,0.050000000000000044,average,ANImf,151
pbccs_bin.0113.fa,151_1,0.050000000000000044,average,ANImf,151
r103-il_bin.0050.fa,151_1,0.050000000000000044,average,ANImf,151
r103_bin.0014.fa,151_1,0.050000000000000044,average,ANImf,151
r104-il_bin.0048.fa,151_1,0.050000000000000044,average,ANImf,151
r9-il_bin.0096.fa,151_1,0.050000000000000044,average,ANImf,151
r9_bin.0211.fa,151_1,0.050000000000000044,average,ANImf,151
r9-il_bin.0015.fa,152_1,0.050000000000000044,average,ANImf,152
r9_bin.0063.fa,152_1,0.050000000000000044,average,ANImf,152
r103-il_bin.0065.fa,153_1,0.050000000000000044,average,ANImf,153
r104-il_bin.0053.fa,153_1,0.050000000000000044,average,ANImf,153
r104_bin.0031.fa,153_1,0.050000000000000044,average,ANImf,153
r9-il_bin.0169.fa,153_1,0.050000000000000044,average,ANImf,153
r9_bin.0208.fa,153_1,0.050000000000000044,average,ANImf,153
pbccs_bin.0088.fa,154_1,0.050000000000000044,average,ANImf,154
r9-il_bin.0064.fa,154_1,0.050000000000000044,average,ANImf,154
r9_bin.0192.fa,154_1,0.050000000000000044,average,ANImf,154
r9-il_bin.0198.fa,155_1,0.050000000000000044,average,ANImf,155
r9_bin.0151.fa,155_1,0.050000000000000044,average,ANImf,155
r9_bin.0049.fa,156_0,0.050000000000000044,average,ANImf,156
r9-il_bin.0122.fa,157_1,0.050000000000000044,average,ANImf,157
r9_bin.0022.fa,157_1,0.050000000000000044,average,ANImf,157
pbccs_bin.0035.fa,158_1,0.050000000000000044,average,ANImf,158
r9-il_bin.0210.fa,158_1,0.050000000000000044,average,ANImf,158
r9_bin.0037.fa,158_1,0.050000000000000044,average,ANImf,158
pbccs_bin.0175.fa,159_1,0.050000000000000044,average,ANImf,159
r9-il_bin.0094.fa,159_1,0.050000000000000044,average,ANImf,159
r9_bin.0110.fa,159_1,0.050000000000000044,average,ANImf,159
r9-il_bin.0066.fa,160_1,0.050000000000000044,average,ANImf,160
r9_bin.0181.fa,160_1,0.050000000000000044,average,ANImf,160
pbccs_bin.0029.fa,161_1,0.050000000000000044,average,ANImf,161
r9-il_bin.0079.fa,161_1,0.050000000000000044,average,ANImf,161
r9_bin.0112.fa,161_1,0.050000000000000044,average,ANImf,161
pbccs_bin.0053.fa,162_1,0.050000000000000044,average,ANImf,162
r103-il_bin.0073.fa,162_1,0.050000000000000044,average,ANImf,162
r104-il_bin.0044.fa,162_1,0.050000000000000044,average,ANImf,162
r104_bin.0109.fa,162_1,0.050000000000000044,average,ANImf,162
r9-il_bin.0128.fa,162_1,0.050000000000000044,average,ANImf,162
r9_bin.0028.fa,162_1,0.050000000000000044,average,ANImf,162
pbccs_bin.0109.fa,163_1,0.050000000000000044,average,ANImf,163
r9-il_bin.0190.fa,163_1,0.050000000000000044,average,ANImf,163
r9_bin.0185.fa,163_1,0.050000000000000044,average,ANImf,163
pbccs_bin.0000.fa,164_1,0.050000000000000044,average,ANImf,164
r9-il_bin.0125.fa,164_1,0.050000000000000044,average,ANImf,164
r9_bin.0102.fa,164_1,0.050000000000000044,average,ANImf,164
pbccs_bin.0137.fa,165_1,0.050000000000000044,average,ANImf,165
r9-il_bin.0028.fa,165_1,0.050000000000000044,average,ANImf,165
r9_bin.0001.fa,165_1,0.050000000000000044,average,ANImf,165
ilmn_bin.0058.fa,166_1,0.050000000000000044,average,ANImf,166
pbccs_bin.0006.fa,166_1,0.050000000000000044,average,ANImf,166
r103-il_bin.0099.fa,166_1,0.050000000000000044,average,ANImf,166
r103_bin.0027.fa,166_1,0.050000000000000044,average,ANImf,166
r104-il_bin.0021.fa,166_1,0.050000000000000044,average,ANImf,166
r104_bin.0104.fa,166_1,0.050000000000000044,average,ANImf,166
r9-il_bin.0040.fa,166_1,0.050000000000000044,average,ANImf,166
r9_bin.0092.fa,166_1,0.050000000000000044,average,ANImf,166
ilmn_bin.0009.fa,167_1,0.050000000000000044,average,ANImf,167
pbccs_bin.0010.fa,167_1,0.050000000000000044,average,ANImf,167
r103-il_bin.0072.fa,167_1,0.050000000000000044,average,ANImf,167
r103_bin.0033.fa,167_1,0.050000000000000044,average,ANImf,167
r104-il_bin.0090.fa,167_1,0.050000000000000044,average,ANImf,167
r104_bin.0106.fa,167_1,0.050000000000000044,average,ANImf,167
r9-il_bin.0218.fa,167_1,0.050000000000000044,average,ANImf,167
r9_bin.0187.fa,167_1,0.050000000000000044,average,ANImf,167
ilmn_bin.0023.fa,168_1,0.050000000000000044,average,ANImf,168
pbccs_bin.0014.fa,168_1,0.050000000000000044,average,ANImf,168
r103-il_bin.0002.fa,168_1,0.050000000000000044,average,ANImf,168
r103_bin.0053.fa,168_1,0.050000000000000044,average,ANImf,168
r104-il_bin.0028.fa,168_1,0.050000000000000044,average,ANImf,168
r104_bin.0080.fa,168_1,0.050000000000000044,average,ANImf,168
r9-il_bin.0086.fa,168_1,0.050000000000000044,average,ANImf,168
r9_bin.0081.fa,168_1,0.050000000000000044,average,ANImf,168
r9-il_bin.0155.fa,169_1,0.050000000000000044,average,ANImf,169
r9_bin.0189.fa,169_1,0.050000000000000044,average,ANImf,169
pbccs_bin.0138.fa,170_1,0.050000000000000044,average,ANImf,170
r9-il_bin.0082.fa,170_1,0.050000000000000044,average,ANImf,170
r9_bin.0053.fa,170_1,0.050000000000000044,average,ANImf,170
pbccs_bin.0034.fa,171_1,0.050000000000000044,average,ANImf,171
r104-il_bin.0087.fa,171_1,0.050000000000000044,average,ANImf,171
r104_bin.0021.fa,171_1,0.050000000000000044,average,ANImf,171
r9_bin.0079.fa,171_1,0.050000000000000044,average,ANImf,171
r9-il_bin.0161.fa,172_1,0.050000000000000044,average,ANImf,172
r9_bin.0030.fa,172_1,0.050000000000000044,average,ANImf,172
pbccs_bin.0116.fa,173_0,0.050000000000000044,average,ANImf,173
r9-il_bin.0174.fa,174_1,0.050000000000000044,average,ANImf,174
r9_bin.0139.fa,174_1,0.050000000000000044,average,ANImf,174
pbccs_bin.0140.fa,175_1,0.050000000000000044,average,ANImf,175
r103-il_bin.0061.fa,175_1,0.050000000000000044,average,ANImf,175
r103_bin.0104.fa,175_1,0.050000000000000044,average,ANImf,175
r9-il_bin.0192.fa,175_1,0.050000000000000044,average,ANImf,175
r9_bin.0040.fa,175_1,0.050000000000000044,average,ANImf,175
r9-il_bin.0037.fa,176_1,0.050000000000000044,average,ANImf,176
r9_bin.0115.fa,176_1,0.050000000000000044,average,ANImf,176
pbccs_bin.0001.fa,177_1,0.050000000000000044,average,ANImf,177
r9-il_bin.0189.fa,177_1,0.050000000000000044,average,ANImf,177
r9_bin.0097.fa,177_1,0.050000000000000044,average,ANImf,177
r9-il_bin.0131.fa,178_1,0.050000000000000044,average,ANImf,178
r9_bin.0147.fa,178_1,0.050000000000000044,average,ANImf,178
pbccs_bin.0071.fa,179_1,0.050000000000000044,average,ANImf,179
r103-il_bin.0042.fa,179_1,0.050000000000000044,average,ANImf,179
r9-il_bin.0180.fa,179_1,0.050000000000000044,average,ANImf,179
r9_bin.0091.fa,179_1,0.050000000000000044,average,ANImf,179
pbccs_bin.0141.fa,180_1,0.050000000000000044,average,ANImf,180
r9-il_bin.0055.fa,180_1,0.050000000000000044,average,ANImf,180
r9_bin.0000.fa,180_1,0.050000000000000044,average,ANImf,180
pbccs_bin.0126.fa,181_1,0.050000000000000044,average,ANImf,181
r9-il_bin.0002.fa,181_1,0.050000000000000044,average,ANImf,181
r9_bin.0039.fa,181_1,0.050000000000000044,average,ANImf,181
pbccs_bin.0060.fa,182_0,0.050000000000000044,average,ANImf,182
ilmn_bin.0087.fa,183_1,0.050000000000000044,average,ANImf,183
pbccs_bin.0107.fa,183_1,0.050000000000000044,average,ANImf,183
r103-il_bin.0009.fa,183_1,0.050000000000000044,average,ANImf,183
r103_bin.0084.fa,183_1,0.050000000000000044,average,ANImf,183
r104-il_bin.0086.fa,183_1,0.050000000000000044,average,ANImf,183
r104_bin.0105.fa,183_1,0.050000000000000044,average,ANImf,183
r9-il_bin.0092.fa,183_1,0.050000000000000044,average,ANImf,183
r9_bin.0169.fa,183_1,0.050000000000000044,average,ANImf,183
pbccs_bin.0103.fa,184_1,0.050000000000000044,average,ANImf,184
r103-il_bin.0086.fa,184_1,0.050000000000000044,average,ANImf,184
r103_bin.0034.fa,184_1,0.050000000000000044,average,ANImf,184
r9-il_bin.0042.fa,184_1,0.050000000000000044,average,ANImf,184
r9_bin.0136.fa,184_1,0.050000000000000044,average,ANImf,184
pbccs_bin.0042.fa,185_1,0.050000000000000044,average,ANImf,185
r9-il_bin.0063.fa,185_1,0.050000000000000044,average,ANImf,185
r9_bin.0156.fa,185_1,0.050000000000000044,average,ANImf,185
pbccs_bin.0112.fa,186_1,0.050000000000000044,average,ANImf,186
r103-il_bin.0027.fa,186_1,0.050000000000000044,average,ANImf,186
r103_bin.0054.fa,186_1,0.050000000000000044,average,ANImf,186
r104-il_bin.0008.fa,186_1,0.050000000000000044,average,ANImf,186
r104_bin.0062.fa,186_1,0.050000000000000044,average,ANImf,186
r9-il_bin.0114.fa,186_1,0.050000000000000044,average,ANImf,186
r9_bin.0101.fa,186_1,0.050000000000000044,average,ANImf,186
pbccs_bin.0147.fa,187_1,0.050000000000000044,average,ANImf,187
r9-il_bin.0179.fa,187_1,0.050000000000000044,average,ANImf,187
r9_bin.0061.fa,187_1,0.050000000000000044,average,ANImf,187
pbccs_bin.0028.fa,188_1,0.050000000000000044,average,ANImf,188
r9-il_bin.0191.fa,188_1,0.050000000000000044,average,ANImf,188
r9_bin.0113.fa,188_1,0.050000000000000044,average,ANImf,188
r103-il_bin.0124.fa,189_1,0.050000000000000044,average,ANImf,189
r103_bin.0117.fa,189_1,0.050000000000000044,average,ANImf,189
r104-il_bin.0093.fa,189_1,0.050000000000000044,average,ANImf,189
r104_bin.0023.fa,189_1,0.050000000000000044,average,ANImf,189
r9-il_bin.0020.fa,189_1,0.050000000000000044,average,ANImf,189
r9_bin.0059.fa,189_1,0.050000000000000044,average,ANImf,189
ilmn_bin.0072.fa,190_1,0.050000000000000044,average,ANImf,190
pbccs_bin.0045.fa,190_1,0.050000000000000044,average,ANImf,190
r103-il_bin.0034.fa,190_1,0.050000000000000044,average,ANImf,190
r103_bin.0059.fa,190_1,0.050000000000000044,average,ANImf,190
r104-il_bin.0052.fa,190_1,0.050000000000000044,average,ANImf,190
r104_bin.0034.fa,190_1,0.050000000000000044,average,ANImf,190
r9-il_bin.0148.fa,190_1,0.050000000000000044,average,ANImf,190
r9_bin.0203.fa,190_1,0.050000000000000044,average,ANImf,190
pbccs_bin.0077.fa,191_1,0.050000000000000044,average,ANImf,191
r104-il_bin.0005.fa,191_1,0.050000000000000044,average,ANImf,191
r104_bin.0083.fa,191_1,0.050000000000000044,average,ANImf,191
r9-il_bin.0142.fa,191_1,0.050000000000000044,average,ANImf,191
r9_bin.0042.fa,191_1,0.050000000000000044,average,ANImf,191
pbccs_bin.0068.fa,192_1,0.050000000000000044,average,ANImf,192
r103-il_bin.0035.fa,192_1,0.050000000000000044,average,ANImf,192
r103_bin.0066.fa,192_1,0.050000000000000044,average,ANImf,192
r104-il_bin.0037.fa,192_1,0.050000000000000044,average,ANImf,192
r104_bin.0004.fa,192_1,0.050000000000000044,average,ANImf,192
r9-il_bin.0065.fa,192_1,0.050000000000000044,average,ANImf,192
r9_bin.0098.fa,192_1,0.050000000000000044,average,ANImf,192
